# the code blog has moved to https://www.learnwithjason.dev/blog/
/code/                                   https://www.learnwithjason.dev/blog/
/get-form-values-as-json/                https://www.learnwithjason.dev/blog/get-form-values-as-json/        301
/code/get-form-values-as-json/           https://www.learnwithjason.dev/blog/get-form-values-as-json/        301
/data-abstraction-in-apps/               https://www.learnwithjason.dev/blog/data-abstraction-in-apps/       301
/code/data-abstraction-in-apps/          https://www.learnwithjason.dev/blog/data-abstraction-in-apps/       301
/learn-trellis-wordpress-roots/          https://www.learnwithjason.dev/blog/learn-trellis-wordpress-roots/  301
/code/learn-trellis-wordpress-roots/     https://www.learnwithjason.dev/blog/learn-trellis-wordpress-roots/  301
/learn-rollup-css/                       https://www.learnwithjason.dev/blog/learn-rollup-css/               301
/code/learn-rollup-css/                  https://www.learnwithjason.dev/blog/learn-rollup-css/               301
/learn-rollup-js/                        https://www.learnwithjason.dev/blog/learn-rollup-js/                301
/code/learn-rollup-js/                   https://www.learnwithjason.dev/blog/learn-rollup-js/                301
/deploy-nodejs-ssl-digitalocean/         https://www.learnwithjason.dev/blog/deploy-nodejs-ssl-digitalocean/ 301
/code/deploy-nodejs-ssl-digitalocean/    https://www.learnwithjason.dev/blog/deploy-nodejs-ssl-digitalocean/ 301

# these posts have been moved to https://jason.af
/2017-personal-retrospective             https://www.jason.af/2017-personal-retrospective
/find-the-why                            https://www.jason.af/find-the-why
/dirt-floors                             https://www.jason.af/dirt-floors
/level-setting                           https://www.jason.af/level-setting
/2018-personal-retrospective             https://www.jason.af/2018-personal-retrospective
/yak-shaving                             https://www.jason.af/yak-shaving
/progressive-disclosure-of-complexity    https://www.jason.af/progressive-disclosure-of-complexity
/2019-q1-retrospective                   https://www.jason.af/2019-q1-retrospective
/setting-expectations                    https://www.jason.af/setting-expectations
/creativity-and-editing                  https://www.jason.af/creativity-and-editing
/what-are-you-optimizing-for             https://www.jason.af/what-are-you-optimizing-for
/mise-en-place                           https://www.jason.af/mise-en-place
/planning-vs-execution                   https://www.jason.af/planning-vs-execution
/2019-personal-retrospective             https://www.jason.af/2019-personal-retrospective
/reduce-friction                         https://www.jason.af/reduce-friction
/problem-with-the-grind                  https://www.jason.af/problem-with-the-grind
/draw-the-box-smaller                    https://www.jason.af/draw-the-box-smaller
/toolkits-over-checklists                https://www.jason.af/toolkits-over-checklists
/build-consistent-content-creation-habit https://www.jason.af/build-consistent-content-creation-habit
/process-not-a-project                   https://www.jason.af/process-not-a-project
